>OCT4_2,,,,,,,,,,
A,0.18215504276476305,0.7695715771916655,-0.8197099038683746,-0.6530047375618536,0.27738952520710475,-0.08329474305991369,-1.2704001099814746,1.137153962955559,-2.5143056246427817,0.9701581329819118
C,0.518389354093395,-0.6530047375618536,-1.6054498712561447,-0.04078037034492807,-1.4239578458245654,-0.08329474305991369,1.223070005691975,-0.5101598447800129,-1.0198768209823394,-1.2704001099814746
G,-0.3851924731657083,-0.6530047375618536,-1.0198768209823394,-6.90875477931522,-1.6054498712561447,0.5419060168963189,-1.1373136561852046,-1.4239578458245654,-0.4457253223945506,-0.22289383224686138
T,-0.8197099038683746,-0.22289383224686138,1.0979460661251466,0.9236561478726992,0.8059226944857065,-0.8197099038683746,-6.90875477931522,-3.195182712610913,1.0709265230725205,-1.2704001099814746
